,mean_fit_time,std_fit_time,mean_score_time,std_score_time,param_kneighborsclassifier__n_neighbors,param_randomoversampler,param_standardscaler,params,split0_test_score,split1_test_score,split2_test_score,split3_test_score,split4_test_score,split5_test_score,split6_test_score,split7_test_score,split8_test_score,split9_test_score,mean_test_score,std_test_score,rank_test_score,split0_train_score,split1_train_score,split2_train_score,split3_train_score,split4_train_score,split5_train_score,split6_train_score,split7_train_score,split8_train_score,split9_train_score,mean_train_score,std_train_score
0,0.0527938604354858,0.0156132599931122,0.0564725637435913,0.0180272137320696,3,,StandardScaler(),"{'kneighborsclassifier__n_neighbors': 3, 'randomoversampler': None, 'standardscaler': StandardScaler()}",0.8316326530612245,0.7755102040816326,0.7602040816326531,0.7959183673469388,0.8520408163265306,0.8112244897959183,0.8061224489795918,0.8102564102564103,0.7589743589743589,0.7794871794871795,0.7981371009942438,0.0287173098592042,3,0.8881317433276548,0.8801817149346962,0.8886996024985804,0.8841567291311755,0.881885292447473,0.8864281658148779,0.889267461669506,0.887627695800227,0.8927355278093076,0.8842224744608399,0.8863336407894338,0.0035628062759366
1,0.0375298023223876,0.0104976417722943,0.0497119426727294,0.0077881604255786,3,,MinMaxScaler(),"{'kneighborsclassifier__n_neighbors': 3, 'randomoversampler': None, 'standardscaler': MinMaxScaler()}",0.8367346938775511,0.7806122448979592,0.7397959183673469,0.7806122448979592,0.8418367346938775,0.8061224489795918,0.8010204081632653,0.8,0.7589743589743589,0.7743589743589744,0.7920068027210884,0.0303582454196017,7,0.8886996024985804,0.881885292447473,0.8869960249858035,0.8886996024985804,0.8824531516183987,0.881885292447473,0.8858603066439523,0.8847900113507378,0.8927355278093076,0.8853575482406356,0.8859362360540942,0.0033050348030073
2,0.097490906715393,0.022012610089706,0.0592912912368774,0.0144112896497224,3,"RandomOverSampler(random_state=42, sampling_strategy='minority')",StandardScaler(),"{'kneighborsclassifier__n_neighbors': 3, 'randomoversampler': RandomOverSampler(random_state=42, sampling_strategy='minority'), 'standardscaler': StandardScaler()}",0.8316326530612245,0.7755102040816326,0.7551020408163265,0.7908163265306123,0.8367346938775511,0.8112244897959183,0.8061224489795918,0.8205128205128205,0.7692307692307693,0.7794871794871795,0.7976373626373625,0.0263551310903005,4,0.8881317433276548,0.8830210107893243,0.8886996024985804,0.8852924474730267,0.8852924474730267,0.8852924474730267,0.8881317433276548,0.8864926220204313,0.8938706015891033,0.8898978433598184,0.8874122509331649,0.0029015596329868
3,0.0575741052627563,0.0157647032122164,0.0576335668563842,0.014044742162668,3,"RandomOverSampler(random_state=42, sampling_strategy='minority')",MinMaxScaler(),"{'kneighborsclassifier__n_neighbors': 3, 'randomoversampler': RandomOverSampler(random_state=42, sampling_strategy='minority'), 'standardscaler': MinMaxScaler()}",0.8367346938775511,0.7704081632653061,0.7397959183673469,0.7806122448979592,0.8418367346938775,0.8163265306122449,0.7959183673469388,0.8051282051282052,0.7589743589743589,0.7692307692307693,0.7914965986394558,0.0319251118245149,8,0.8904031800113572,0.8830210107893243,0.8881317433276548,0.8909710391822828,0.8835888699602499,0.8847245883021011,0.8886996024985804,0.8887627695800226,0.8955732122587968,0.887627695800227,0.8881503711710597,0.0035767824703733
4,0.0577187061309814,0.0213251286638112,0.0681075811386108,0.0325334642102423,6,,StandardScaler(),"{'kneighborsclassifier__n_neighbors': 6, 'randomoversampler': None, 'standardscaler': StandardScaler()}",0.826530612244898,0.8061224489795918,0.7755102040816326,0.7908163265306123,0.8061224489795918,0.7806122448979592,0.7908163265306123,0.7846153846153846,0.7538461538461538,0.7589743589743589,0.7873966509680795,0.0209396276867457,14,0.8449744463373083,0.8489494605337876,0.8506530380465644,0.8432708688245315,0.8466780238500852,0.8512208972174901,0.8534923339011925,0.8501702610669694,0.8507377979568672,0.8535754824063564,0.8493722610141152,0.0032589391868755
5,0.0334935188293457,0.0065106026468971,0.0466981887817382,0.0032263437915906,6,,MinMaxScaler(),"{'kneighborsclassifier__n_neighbors': 6, 'randomoversampler': None, 'standardscaler': MinMaxScaler()}",0.8367346938775511,0.7908163265306123,0.7755102040816326,0.75,0.7959183673469388,0.7806122448979592,0.7806122448979592,0.8,0.7589743589743589,0.7435897435897436,0.7812768184196756,0.0258100803614374,18,0.8438387279954571,0.8438387279954571,0.8506530380465644,0.8387279954571266,0.8444065871663827,0.8444065871663827,0.8409994321408291,0.8479001135073779,0.8416572077185017,0.8496027241770715,0.8446031141371151,0.003604103367252
6,0.0743996143341064,0.0115502737872647,0.0510403156280517,0.0062046295070476,6,"RandomOverSampler(random_state=42, sampling_strategy='minority')",StandardScaler(),"{'kneighborsclassifier__n_neighbors': 6, 'randomoversampler': RandomOverSampler(random_state=42, sampling_strategy='minority'), 'standardscaler': StandardScaler()}",0.826530612244898,0.7908163265306123,0.7755102040816326,0.7908163265306123,0.7908163265306123,0.7806122448979592,0.7959183673469388,0.7846153846153846,0.7589743589743589,0.7692307692307693,0.7863840920983778,0.017209862093502,15,0.8472458830210108,0.848381601362862,0.8517887563884157,0.8449744463373083,0.8466780238500852,0.8489494605337876,0.8517887563884157,0.8490351872871736,0.8490351872871736,0.8507377979568672,0.8488615100413099,0.0020843104555355
7,0.0575920581817627,0.00847286449724,0.0518980741500854,0.0061586229657986,6,"RandomOverSampler(random_state=42, sampling_strategy='minority')",MinMaxScaler(),"{'kneighborsclassifier__n_neighbors': 6, 'randomoversampler': RandomOverSampler(random_state=42, sampling_strategy='minority'), 'standardscaler': MinMaxScaler()}",0.8316326530612245,0.7908163265306123,0.7653061224489796,0.7653061224489796,0.8010204081632653,0.7857142857142857,0.7704081632653061,0.8051282051282052,0.7589743589743589,0.7538461538461538,0.7828152799581372,0.0233656323239123,17,0.8432708688245315,0.8421351504826803,0.8478137421919364,0.8392958546280522,0.8415672913117547,0.8398637137989778,0.838160136286201,0.8427922814982974,0.8365493757094211,0.8433598183881952,0.8414808233120048,0.003028721832986
8,0.0492019414901733,0.0140411921164475,0.0574009180068969,0.0148065596989183,16,,StandardScaler(),"{'kneighborsclassifier__n_neighbors': 16, 'randomoversampler': None, 'standardscaler': StandardScaler()}",0.8214285714285714,0.7806122448979592,0.8214285714285714,0.7602040816326531,0.8061224489795918,0.7602040816326531,0.7857142857142857,0.7589743589743589,0.7282051282051282,0.7384615384615385,0.7761355311355311,0.0310366057916983,19,0.8080636002271436,0.8120386144236229,0.7950028392958546,0.8137421919363997,0.8057921635434412,0.8160136286201022,0.8040885860306644,0.8036322360953462,0.8087400681044268,0.8064699205448355,0.8073583848821837,0.0056608732245632
9,0.0341965436935424,0.0061133438502911,0.0494845628738403,0.0075199449823381,16,,MinMaxScaler(),"{'kneighborsclassifier__n_neighbors': 16, 'randomoversampler': None, 'standardscaler': MinMaxScaler()}",0.7959183673469388,0.7653061224489796,0.7653061224489796,0.7448979591836735,0.8010204081632653,0.7295918367346939,0.7755102040816326,0.7538461538461538,0.7128205128205128,0.7282051282051282,0.7572422815279958,0.0276062400989842,25,0.7938671209540034,0.7967064168086314,0.7876206700738216,0.7984099943214082,0.7967064168086314,0.8006814310051107,0.7967064168086314,0.786038592508513,0.8002270147559591,0.7990919409761634,0.7956056015020874,0.0047862843234711
10,0.0663835763931274,0.0097304435091359,0.0509950637817382,0.0074139389829731,16,"RandomOverSampler(random_state=42, sampling_strategy='minority')",StandardScaler(),"{'kneighborsclassifier__n_neighbors': 16, 'randomoversampler': RandomOverSampler(random_state=42, sampling_strategy='minority'), 'standardscaler': StandardScaler()}",0.7959183673469388,0.7806122448979592,0.8010204081632653,0.7653061224489796,0.8061224489795918,0.7602040816326531,0.7551020408163265,0.7692307692307693,0.7282051282051282,0.7435897435897436,0.7705311355311355,0.0241526475981894,21,0.7989778534923339,0.8063600227143668,0.7893242475865985,0.8086314593980692,0.7978421351504826,0.8035207268597387,0.7927314026121521,0.7945516458569807,0.8047673098751419,0.8013620885357549,0.7998068892081619,0.0059476636873047
11,0.0610894441604614,0.0109448770139023,0.0537982702255249,0.010081193469447,16,"RandomOverSampler(random_state=42, sampling_strategy='minority')",MinMaxScaler(),"{'kneighborsclassifier__n_neighbors': 16, 'randomoversampler': RandomOverSampler(random_state=42, sampling_strategy='minority'), 'standardscaler': MinMaxScaler()}",0.7857142857142857,0.7551020408163265,0.7551020408163265,0.75,0.8061224489795918,0.7346938775510204,0.7551020408163265,0.7538461538461538,0.7128205128205128,0.7435897435897436,0.7552093144950288,0.0242990499977839,26,0.7932992617830777,0.7950028392958546,0.7842135150482681,0.7995457126632595,0.787052810902896,0.7898921067575241,0.7910278250993753,0.7843359818388195,0.7985244040862656,0.7985244040862656,0.7921418861561605,0.005493694798247
12,0.049198317527771,0.0068125438087569,0.0541511297225952,0.0103071419655937,36,,StandardScaler(),"{'kneighborsclassifier__n_neighbors': 36, 'randomoversampler': None, 'standardscaler': StandardScaler()}",0.7346938775510204,0.7551020408163265,0.7346938775510204,0.7346938775510204,0.75,0.7244897959183674,0.7295918367346939,0.717948717948718,0.6923076923076923,0.7025641025641025,0.7276085818942962,0.0184071235656475,30,0.7427597955706985,0.7524134014764339,0.7490062464508802,0.7490062464508802,0.7552526973310619,0.7495741056218058,0.7421919363997729,0.7468785471055619,0.7531214528944381,0.7514188422247446,0.7491623271526278,0.0040427876912655
13,0.0366999387741088,0.0059533061855614,0.0607969760894775,0.0134550392235334,36,,MinMaxScaler(),"{'kneighborsclassifier__n_neighbors': 36, 'randomoversampler': None, 'standardscaler': MinMaxScaler()}",0.7397959183673469,0.7244897959183674,0.7397959183673469,0.7602040816326531,0.7142857142857143,0.7040816326530612,0.7091836734693877,0.7025641025641025,0.7025641025641025,0.6820512820512821,0.7179016221873364,0.0219713858312469,31,0.737649063032368,0.7348097671777399,0.7461669505962522,0.7421919363997729,0.7461669505962522,0.737649063032368,0.7370812038614424,0.7372304199772985,0.7519863791146425,0.7446083995459705,0.7415540133334106,0.0052517660948138
14,0.0783154249191284,0.0197661641980015,0.0634211540222167,0.0211972178831517,36,"RandomOverSampler(random_state=42, sampling_strategy='minority')",StandardScaler(),"{'kneighborsclassifier__n_neighbors': 36, 'randomoversampler': RandomOverSampler(random_state=42, sampling_strategy='minority'), 'standardscaler': StandardScaler()}",0.7346938775510204,0.7602040816326531,0.7346938775510204,0.75,0.7704081632653061,0.7193877551020408,0.7295918367346939,0.7076923076923077,0.6923076923076923,0.7230769230769231,0.7322056514913658,0.0224044208183037,29,0.7450312322544009,0.7541169789892107,0.7450312322544009,0.7546848381601363,0.7518455423055083,0.7410562180579217,0.7438955139125497,0.7480136208853575,0.7565266742338252,0.7480136208853575,0.7488215471938668,0.004955178230803
15,0.0558954715728759,0.0094039721654517,0.0533028125762939,0.009897029458563,36,"RandomOverSampler(random_state=42, sampling_strategy='minority')",MinMaxScaler(),"{'kneighborsclassifier__n_neighbors': 36, 'randomoversampler': RandomOverSampler(random_state=42, sampling_strategy='minority'), 'standardscaler': MinMaxScaler()}",0.7448979591836735,0.7397959183673469,0.7142857142857143,0.7397959183673469,0.7295918367346939,0.7040816326530612,0.7040816326530612,0.7076923076923077,0.7076923076923077,0.676923076923077,0.716883830455259,0.0202400225445031,32,0.7399204997160704,0.7416240772288473,0.7438955139125497,0.7473026689381034,0.7427597955706985,0.7336740488358887,0.7365133446905168,0.7440408626560726,0.7553916004540295,0.7468785471055619,0.7432000959108338,0.0057365237889555
16,0.0551910400390625,0.0123254547343655,0.0603517055511474,0.0157996376771745,84,,StandardScaler(),"{'kneighborsclassifier__n_neighbors': 84, 'randomoversampler': None, 'standardscaler': StandardScaler()}",0.6326530612244898,0.6530612244897959,0.6122448979591837,0.6326530612244898,0.673469387755102,0.576530612244898,0.6275510204081632,0.6051282051282051,0.6410256410256411,0.5692307692307692,0.6223547880690738,0.0307640691142892,39,0.6223736513344691,0.6286201022146508,0.6411130039750143,0.663259511641113,0.6501987507098239,0.6161272004542874,0.6473594548551959,0.626560726447219,0.6679909194097616,0.6390465380249716,0.6402649859066505,0.0163549170219012
17,0.0348973274230957,0.0074895106900201,0.0635135412216186,0.0088625780849869,84,,MinMaxScaler(),"{'kneighborsclassifier__n_neighbors': 84, 'randomoversampler': None, 'standardscaler': MinMaxScaler()}",0.6122448979591837,0.6530612244897959,0.6530612244897959,0.6173469387755102,0.6479591836734694,0.5663265306122449,0.6326530612244898,0.6,0.6410256410256411,0.5794871794871795,0.620316588173731,0.0292545562655377,40,0.626916524701874,0.6416808631459399,0.6615559341283361,0.6570130607609312,0.6462237365133446,0.6263486655309484,0.65587734241908,0.64472190692395,0.6821793416572077,0.6316685584562997,0.6474185934237912,0.0165098149372225
18,0.0698976993560791,0.0126263403003285,0.0540952444076538,0.0063590551817769,84,"RandomOverSampler(random_state=42, sampling_strategy='minority')",StandardScaler(),"{'kneighborsclassifier__n_neighbors': 84, 'randomoversampler': RandomOverSampler(random_state=42, sampling_strategy='minority'), 'standardscaler': StandardScaler()}",0.6530612244897959,0.6632653061224489,0.6275510204081632,0.6377551020408163,0.6785714285714286,0.5816326530612245,0.6173469387755102,0.6102564102564103,0.6410256410256411,0.5743589743589743,0.6284824699110414,0.0318551291183625,37,0.6365701306076094,0.6377058489494606,0.6541737649063032,0.6638273708120386,0.6587166382737081,0.6229415105053947,0.6575809199318569,0.6407491486946651,0.6753688989784336,0.64472190692395,0.6492356138583419,0.0146864247269022
19,0.0637653112411499,0.0121703656739092,0.0641802787780761,0.0096171244580876,84,"RandomOverSampler(random_state=42, sampling_strategy='minority')",MinMaxScaler(),"{'kneighborsclassifier__n_neighbors': 84, 'randomoversampler': RandomOverSampler(random_state=42, sampling_strategy='minority'), 'standardscaler': MinMaxScaler()}",0.6224489795918368,0.6530612244897959,0.6428571428571429,0.6224489795918368,0.6479591836734694,0.576530612244898,0.6122448979591837,0.6102564102564103,0.6564102564102564,0.5794871794871795,0.622370486656201,0.0271379340528648,38,0.6291879613855764,0.6450880181714934,0.6621237932992617,0.6626916524701874,0.6513344690516751,0.6223736513344691,0.6609880749574105,0.6492622020431328,0.6799091940976163,0.6293984108967083,0.6492357427707531,0.0172184653280089
20,0.05509033203125,0.015376647752107,0.0914065361022949,0.0153508116575868,2,,StandardScaler(),"{'kneighborsclassifier__n_neighbors': 2, 'randomoversampler': None, 'standardscaler': StandardScaler()}",0.8214285714285714,0.7908163265306123,0.7653061224489796,0.7908163265306123,0.7806122448979592,0.7857142857142857,0.8010204081632653,0.7897435897435897,0.764102564102564,0.8051282051282052,0.7894688644688644,0.0165033530853354,10,0.8955139125496877,0.9000567859170926,0.8983532084043158,0.8977853492333902,0.8926746166950597,0.8960817717206133,0.8983532084043158,0.8910329171396141,0.8989784335981839,0.8921679909194098,0.8960998194581682,0.0030024812803938
21,0.0311798810958862,0.0070163596859855,0.0857060432434082,0.0212590547793342,2,,MinMaxScaler(),"{'kneighborsclassifier__n_neighbors': 2, 'randomoversampler': None, 'standardscaler': MinMaxScaler()}",0.826530612244898,0.7959183673469388,0.7908163265306123,0.7806122448979592,0.7755102040816326,0.7806122448979592,0.7959183673469388,0.7794871794871795,0.7743589743589744,0.7743589743589744,0.7874123495552068,0.0152455359192874,12,0.8955139125496877,0.902328222600795,0.9000567859170926,0.8977853492333902,0.8960817717206133,0.8955139125496877,0.9000567859170926,0.8972758229284904,0.8989784335981839,0.9040862656072643,0.8987677262622297,0.002755204918806
22,0.0865922927856445,0.0410085086006136,0.0828777551651001,0.0350229552463835,2,"RandomOverSampler(random_state=42, sampling_strategy='minority')",StandardScaler(),"{'kneighborsclassifier__n_neighbors': 2, 'randomoversampler': RandomOverSampler(random_state=42, sampling_strategy='minority'), 'standardscaler': StandardScaler()}",0.826530612244898,0.7908163265306123,0.7602040816326531,0.7908163265306123,0.7806122448979592,0.7806122448979592,0.8061224489795918,0.7948717948717948,0.764102564102564,0.8051282051282052,0.789981684981685,0.0189290232724721,9,0.8983532084043158,0.902328222600795,0.8989210675752414,0.9006246450880182,0.8966496308915389,0.8989210675752414,0.9000567859170926,0.895005675368899,0.9023836549375708,0.8961407491486947,0.8989384707507406,0.0023733852558604
23,0.0739458322525024,0.0179345250993189,0.0977296113967895,0.0341169843788952,2,"RandomOverSampler(random_state=42, sampling_strategy='minority')",MinMaxScaler(),"{'kneighborsclassifier__n_neighbors': 2, 'randomoversampler': RandomOverSampler(random_state=42, sampling_strategy='minority'), 'standardscaler': MinMaxScaler()}",0.826530612244898,0.7959183673469388,0.7908163265306123,0.7806122448979592,0.7755102040816326,0.7857142857142857,0.7959183673469388,0.7794871794871795,0.7692307692307693,0.7743589743589744,0.7874097331240189,0.0156239714629296,13,0.8977853492333902,0.904031800113572,0.9017603634298694,0.8989210675752414,0.8972174900624645,0.8972174900624645,0.9011925042589438,0.898410896708286,0.9006810442678774,0.9052213393870602,0.9002439345099169,0.0026830257057835
24,0.0463388204574585,0.0192050288404308,0.0902337789535522,0.0306195349311158,4,,StandardScaler(),"{'kneighborsclassifier__n_neighbors': 4, 'randomoversampler': None, 'standardscaler': StandardScaler()}",0.8418367346938775,0.7857142857142857,0.7755102040816326,0.826530612244898,0.8316326530612245,0.8010204081632653,0.8112244897959183,0.8,0.7692307692307693,0.7589743589743589,0.8001674515960231,0.026486300269623,2,0.8659852356615559,0.8620102214650767,0.8699602498580352,0.8631459398069279,0.8671209540034072,0.8705281090289608,0.8676888131743328,0.8706015891032917,0.8711691259931895,0.8666288308740068,0.8674839068968785,0.0030104867671516
25,0.0383119344711303,0.0116030774300386,0.1055185556411743,0.0365916386178576,4,,MinMaxScaler(),"{'kneighborsclassifier__n_neighbors': 4, 'randomoversampler': None, 'standardscaler': MinMaxScaler()}",0.8367346938775511,0.8061224489795918,0.7857142857142857,0.7704081632653061,0.826530612244898,0.7908163265306123,0.7908163265306123,0.7948717948717948,0.7794871794871795,0.764102564102564,0.7945604395604395,0.0218610285030853,5,0.8637137989778535,0.8637137989778535,0.8625780806360023,0.8637137989778535,0.8654173764906303,0.8631459398069279,0.8659852356615559,0.8632236095346197,0.8637911464245176,0.8683314415437003,0.8643614227031515,0.0016446473004302
26,0.0839653491973877,0.0172792941116962,0.0900143384933471,0.0163439961373578,4,"RandomOverSampler(random_state=42, sampling_strategy='minority')",StandardScaler(),"{'kneighborsclassifier__n_neighbors': 4, 'randomoversampler': RandomOverSampler(random_state=42, sampling_strategy='minority'), 'standardscaler': StandardScaler()}",0.8316326530612245,0.7908163265306123,0.7755102040816326,0.826530612244898,0.8163265306122449,0.7959183673469388,0.8112244897959183,0.8153846153846154,0.7846153846153846,0.7589743589743589,0.8006933542647829,0.0222473845377097,1,0.8682566723452584,0.8642816581487791,0.8710959681998864,0.8676888131743328,0.8665530948324816,0.8699602498580352,0.8676888131743328,0.8717366628830874,0.8706015891032917,0.8688989784335982,0.8686762500153083,0.0021580706943231
27,0.064198088645935,0.0110891727881275,0.0944076538085937,0.0333699119392558,4,"RandomOverSampler(random_state=42, sampling_strategy='minority')",MinMaxScaler(),"{'kneighborsclassifier__n_neighbors': 4, 'randomoversampler': RandomOverSampler(random_state=42, sampling_strategy='minority'), 'standardscaler': MinMaxScaler()}",0.8316326530612245,0.8010204081632653,0.7806122448979592,0.7704081632653061,0.8214285714285714,0.7959183673469388,0.7908163265306123,0.7948717948717948,0.7846153846153846,0.764102564102564,0.793542647828362,0.0198696952427852,6,0.8642816581487791,0.8642816581487791,0.861442362294151,0.8637137989778535,0.8654173764906303,0.8642816581487791,0.8676888131743328,0.8649262202043133,0.8637911464245176,0.8666288308740068,0.8646453522886143,0.00161632837109
28,0.0564262151718139,0.0211971593794533,0.0861595869064331,0.0236577235285102,10,,StandardScaler(),"{'kneighborsclassifier__n_neighbors': 10, 'randomoversampler': None, 'standardscaler': StandardScaler()}",0.8061224489795918,0.7857142857142857,0.8010204081632653,0.7857142857142857,0.8163265306122449,0.7755102040816326,0.8010204081632653,0.7897435897435897,0.7538461538461538,0.7692307692307693,0.7884249084249084,0.0177660501996428,11,0.8222600795002839,0.8256672345258376,0.8199886428165815,0.8285065303804656,0.8222600795002839,0.8199886428165815,0.8228279386712095,0.818955732122588,0.8269012485811578,0.825766174801362,0.8233122303716351,0.0030813928498319
29,0.032729697227478,0.0145511786170438,0.1036237716674804,0.0211974824917735,10,,MinMaxScaler(),"{'kneighborsclassifier__n_neighbors': 10, 'randomoversampler': None, 'standardscaler': MinMaxScaler()}",0.8061224489795918,0.7755102040816326,0.7806122448979592,0.7448979591836735,0.7959183673469388,0.7755102040816326,0.8010204081632653,0.7846153846153846,0.7589743589743589,0.7333333333333333,0.775651491365777,0.0225888043666387,20,0.814877910278251,0.8165814877910278,0.8097671777399205,0.8114707552526973,0.8165814877910278,0.8131743327654741,0.8194207836456558,0.8183881952326901,0.8178206583427923,0.8138479001135074,0.8151930688953044,0.0029685359680837
30,0.0893189907073974,0.0275142224342411,0.0823364734649658,0.016964052087124,10,"RandomOverSampler(random_state=42, sampling_strategy='minority')",StandardScaler(),"{'kneighborsclassifier__n_neighbors': 10, 'randomoversampler': RandomOverSampler(random_state=42, sampling_strategy='minority'), 'standardscaler': StandardScaler()}",0.8010204081632653,0.7704081632653061,0.7857142857142857,0.7959183673469388,0.8163265306122449,0.7704081632653061,0.8010204081632653,0.7897435897435897,0.764102564102564,0.764102564102564,0.785876504447933,0.0171127073287113,16,0.8154457694491766,0.8216922203293583,0.814877910278251,0.8205565019875071,0.8143100511073254,0.817717206132879,0.8160136286201022,0.8144154370034052,0.8229284903518729,0.8217934165720772,0.8179750631831955,0.0032496768706568
31,0.0798306941986084,0.0223744736138001,0.091819167137146,0.0306217463436782,10,"RandomOverSampler(random_state=42, sampling_strategy='minority')",MinMaxScaler(),"{'kneighborsclassifier__n_neighbors': 10, 'randomoversampler': RandomOverSampler(random_state=42, sampling_strategy='minority'), 'standardscaler': MinMaxScaler()}",0.7908163265306123,0.7704081632653061,0.7704081632653061,0.75,0.8010204081632653,0.7755102040816326,0.7857142857142857,0.7692307692307693,0.7589743589743589,0.7282051282051282,0.7700287807430665,0.0198549212864696,22,0.8143100511073254,0.8114707552526973,0.80465644520159,0.8126064735945485,0.8080636002271436,0.8063600227143668,0.8143100511073254,0.815550510783201,0.8110102156640182,0.8132803632236095,0.8111618488875825,0.0034749550134797
32,0.0554117679595947,0.0077996282265001,0.0959488153457641,0.0259193049761325,24,,StandardScaler(),"{'kneighborsclassifier__n_neighbors': 24, 'randomoversampler': None, 'standardscaler': StandardScaler()}",0.7704081632653061,0.8010204081632653,0.7908163265306123,0.75,0.7959183673469388,0.7448979591836735,0.7602040816326531,0.7589743589743589,0.7230769230769231,0.7384615384615385,0.763377812663527,0.024643593120334,23,0.7808063600227144,0.7825099375354913,0.7762634866553095,0.7893242475865985,0.7802385008517888,0.7876206700738216,0.78137421919364,0.7837684449489217,0.7900113507377979,0.782633371169126,0.783455058877521,0.0041214287273144
33,0.042129373550415,0.0092529034355926,0.0821644067764282,0.0264070112874799,24,,MinMaxScaler(),"{'kneighborsclassifier__n_neighbors': 24, 'randomoversampler': None, 'standardscaler': MinMaxScaler()}",0.7908163265306123,0.7704081632653061,0.7346938775510204,0.7448979591836735,0.8010204081632653,0.7244897959183674,0.7806122448979592,0.717948717948718,0.7333333333333333,0.7025641025641025,0.7500784929356359,0.0317630306431944,27,0.7649063032367973,0.7745599091425327,0.7802385008517888,0.7756956274843839,0.778534923339012,0.7796706416808632,0.7739920499716071,0.7775255391600454,0.7769580022701476,0.779228149829739,0.7761309646966916,0.0042500268650315
34,0.0897545576095581,0.0220592325904036,0.0845852851867675,0.0270937933009223,24,"RandomOverSampler(random_state=42, sampling_strategy='minority')",StandardScaler(),"{'kneighborsclassifier__n_neighbors': 24, 'randomoversampler': RandomOverSampler(random_state=42, sampling_strategy='minority'), 'standardscaler': StandardScaler()}",0.7653061224489796,0.7806122448979592,0.7653061224489796,0.7448979591836735,0.7959183673469388,0.7346938775510204,0.7551020408163265,0.7589743589743589,0.7282051282051282,0.7589743589743589,0.7587990580847723,0.0191372940472723,24,0.7796706416808632,0.7762634866553095,0.7705848949460534,0.7853492333901193,0.7739920499716071,0.7808063600227144,0.7739920499716071,0.7809307604994324,0.7888762769580022,0.7746878547105562,0.7785153608806266,0.0053851798081466
35,0.0665891647338867,0.0140086876997824,0.0987240314483642,0.021649866785182,24,"RandomOverSampler(random_state=42, sampling_strategy='minority')",MinMaxScaler(),"{'kneighborsclassifier__n_neighbors': 24, 'randomoversampler': RandomOverSampler(random_state=42, sampling_strategy='minority'), 'standardscaler': MinMaxScaler()}",0.7755102040816326,0.7653061224489796,0.7346938775510204,0.7448979591836735,0.8061224489795918,0.7193877551020408,0.7551020408163265,0.7333333333333333,0.7435897435897436,0.717948717948718,0.749589220303506,0.0256957042826979,28,0.7671777399204998,0.7734241908006815,0.7745599091425327,0.7779670641680864,0.7705848949460534,0.7705848949460534,0.7728563316297559,0.7797956867196367,0.7849035187287173,0.7763904653802497,0.7748244696382267,0.0048882847267554
36,0.0457238435745239,0.015780424190631,0.0944865226745605,0.0282675257627004,55,,StandardScaler(),"{'kneighborsclassifier__n_neighbors': 55, 'randomoversampler': None, 'standardscaler': StandardScaler()}",0.6887755102040817,0.6938775510204082,0.673469387755102,0.6989795918367347,0.75,0.6173469387755102,0.6836734693877551,0.6307692307692307,0.6717948717948717,0.6256410256410256,0.673432757718472,0.0381129563427232,34,0.6791595684270301,0.6848381601362862,0.696763202725724,0.704145371947757,0.7024417944349801,0.6871095968199886,0.7013060760931289,0.695800227014756,0.7111237230419978,0.7020431328036323,0.696473085344528,0.0094172982302444
37,0.0413086175918579,0.0104559525629448,0.1088725805282592,0.0196291780249723,55,,MinMaxScaler(),"{'kneighborsclassifier__n_neighbors': 55, 'randomoversampler': None, 'standardscaler': MinMaxScaler()}",0.7091836734693877,0.6836734693877551,0.6989795918367347,0.6989795918367347,0.6989795918367347,0.6428571428571429,0.6683673469387755,0.6358974358974359,0.6666666666666666,0.6102564102564103,0.6713840920983779,0.0311535068751234,36,0.6797274275979557,0.6831345826235093,0.7035775127768313,0.7035775127768313,0.6876774559909142,0.6888131743327655,0.7007382169222033,0.6906923950056754,0.7133938706015891,0.6804767309875142,0.6931808879615791,0.0108661595673738
38,0.0906262159347534,0.0208913372297532,0.088289475440979,0.0189690058514421,55,"RandomOverSampler(random_state=42, sampling_strategy='minority')",StandardScaler(),"{'kneighborsclassifier__n_neighbors': 55, 'randomoversampler': RandomOverSampler(random_state=42, sampling_strategy='minority'), 'standardscaler': StandardScaler()}",0.6836734693877551,0.6887755102040817,0.6887755102040817,0.7142857142857143,0.7448979591836735,0.6275510204081632,0.673469387755102,0.6564102564102564,0.6717948717948717,0.6307692307692307,0.6780402930402932,0.0337007083897336,33,0.6831345826235093,0.6944917660420216,0.6996024985803521,0.7166382737081204,0.7120954003407155,0.6888131743327655,0.704145371947757,0.70261066969353,0.7219069239500567,0.7037457434733257,0.7027184404692155,0.0114335528686585
39,0.0764276027679443,0.0182257086498833,0.0995295763015747,0.0161495811723299,55,"RandomOverSampler(random_state=42, sampling_strategy='minority')",MinMaxScaler(),"{'kneighborsclassifier__n_neighbors': 55, 'randomoversampler': RandomOverSampler(random_state=42, sampling_strategy='minority'), 'standardscaler': MinMaxScaler()}",0.7091836734693877,0.6836734693877551,0.6887755102040817,0.6989795918367347,0.7040816326530612,0.6530612244897959,0.6479591836734694,0.6564102564102564,0.6666666666666666,0.6205128205128205,0.6729304029304031,0.0272173446624045,35,0.6871095968199886,0.6916524701873935,0.7047132311186826,0.7103918228279387,0.6871095968199886,0.6899488926746167,0.7047132311186826,0.6975028376844495,0.7179341657207718,0.6736662883087401,0.6964742133281253,0.0124598268534588
40,0.0454204559326171,0.0086505188230803,0.1020458221435546,0.0250692911774115,128,,StandardScaler(),"{'kneighborsclassifier__n_neighbors': 128, 'randomoversampler': None, 'standardscaler': StandardScaler()}",0.5561224489795918,0.5918367346938775,0.4795918367346938,0.5306122448979592,0.5816326530612245,0.4897959183673469,0.4948979591836734,0.5128205128205128,0.5128205128205128,0.4871794871794871,0.5237310308738881,0.0382005763256219,44,0.5496876774559909,0.5604770017035775,0.5400340715502555,0.5474162407722885,0.5513912549687677,0.5207268597387847,0.5474162407722885,0.5261066969353008,0.5556186152099887,0.5510783200908059,0.5449952979198048,0.0119772280093967
41,0.0415403842926025,0.0080601442169692,0.1103107929229736,0.0205515536856935,128,,MinMaxScaler(),"{'kneighborsclassifier__n_neighbors': 128, 'randomoversampler': None, 'standardscaler': MinMaxScaler()}",0.6071428571428571,0.6275510204081632,0.5714285714285714,0.576530612244898,0.5561224489795918,0.5051020408163265,0.5816326530612245,0.5641025641025641,0.5948717948717949,0.5076923076923077,0.5692176870748298,0.0371558420185009,42,0.5848949460533788,0.588869960249858,0.5775127768313458,0.5814877910278251,0.5809199318568995,0.5871663827370812,0.5968199886428166,0.5794551645856981,0.6055618615209989,0.5908059023836549,0.5873494705889557,0.0082248269527455
42,0.0810528516769409,0.0154895295130037,0.1191729068756103,0.0144691378637166,128,"RandomOverSampler(random_state=42, sampling_strategy='minority')",StandardScaler(),"{'kneighborsclassifier__n_neighbors': 128, 'randomoversampler': RandomOverSampler(random_state=42, sampling_strategy='minority'), 'standardscaler': StandardScaler()}",0.5612244897959183,0.6071428571428571,0.5,0.5357142857142857,0.5969387755102041,0.5051020408163265,0.5204081632653061,0.5128205128205128,0.517948717948718,0.4923076923076923,0.5349607535321821,0.0382966592336672,43,0.5536626916524702,0.5712663259511641,0.5519591141396933,0.5684270300965361,0.5621805792163543,0.5275411697898921,0.5604770017035775,0.5380249716231555,0.5612939841089671,0.5629965947786606,0.5557829463060472,0.0129500610148239
43,0.0656419277191162,0.0201496146006723,0.0984315395355224,0.0283293232267487,128,"RandomOverSampler(random_state=42, sampling_strategy='minority')",MinMaxScaler(),"{'kneighborsclassifier__n_neighbors': 128, 'randomoversampler': RandomOverSampler(random_state=42, sampling_strategy='minority'), 'standardscaler': MinMaxScaler()}",0.6275510204081632,0.6173469387755102,0.5561224489795918,0.5714285714285714,0.5663265306122449,0.5204081632653061,0.5714285714285714,0.5897435897435898,0.6205128205128205,0.5282051282051282,0.5769073783359497,0.0352624618967352,41,0.588869960249858,0.5945485519591142,0.5854628052243044,0.5968199886428166,0.588869960249858,0.5934128336172629,0.6110164679159569,0.5902383654937571,0.6146424517593644,0.5919409761634506,0.5955822361275742,0.0091822768229302
